{"_timestamp": 1591966808.5709207, "f_cyc": 24.26682472229004, "f_adv": 1.3393725156784058, "f_slf": 12.226569747924804, "_runtime": 82.2060649394989, "_step": 0, "d_adv": 4.868198299407959}
